1,0.487289926968515,-0.340446684509516,1
2,0.594344432465732,0.672304167412221,-1
3,-0.511923527345061,-0.790449837688357,-1
4,-0.731994445901364,0.528148346580565,1
5,-0.589847492985427,-0.84688757872209,1
6,-0.943123321048915,-0.963393319863826,1
7,-0.964279448147863,-0.604504113085568,1
8,0.78768808580935,0.775887601077557,-1
9,0.44593388820067,0.0269677303731441,1
10,-0.188162790145725,-0.1822977992706,-1
11,0.0709485514089465,-0.714013764634728,-1
12,0.893150104675442,0.612406872212887,-1
13,0.310480232350528,-0.0388113702647388,1
14,0.533825412392616,0.331078888848424,-1
15,0.605060243979096,-0.192019377835095,1
16,-0.0983616546727717,-0.559946821536869,1
17,0.705045530572534,-0.191136703360826,1
18,0.188798320479691,-0.980905283708125,1
19,-0.43792393617332,-0.837680567521602,1
20,-0.0158358104526997,0.984284143894911,1
21,0.228109462652355,0.815336885862052,1
22,0.486745848786086,0.650962304789573,-1
23,-0.80052161263302,0.467199467588216,1
24,0.52510590897873,0.689134089741856,-1
25,0.727084344718605,-0.818090074695647,-1
26,0.107271006796509,-0.699406682513654,1
27,0.353251677006483,0.854248757939786,-1
28,-0.625122695695609,0.735243313480169,1
29,0.384203985799104,0.154456554912031,1
30,-0.157156474888325,-0.215070299804211,-1
31,0.418468268588185,-0.277077813167125,-1
32,0.877312240190804,-0.828885873779655,1
33,-0.111871491651982,-0.197231995407492,-1
34,-0.31029673339799,0.191513553261757,1
35,-0.480096929706633,0.361387941986322,1
36,-0.98688585171476,0.140320152975619,1
37,-0.683300883509219,0.5969981350936,1
38,-0.894731849897653,-0.645720775704831,1
39,-0.635638918727636,0.634483052883297,1
40,-0.696151691954583,0.338371239602566,1
41,-0.808670065831393,0.994418960530311,-1
42,0.442936697974801,-0.894176637288183,1
43,-0.748893681913614,0.908370114862919,1
44,-0.0115063404664397,0.568889798596501,1
45,-0.0761338556185365,0.696861447300762,1
46,-0.969263050239533,0.470275420695543,1
47,0.0840304754674435,-0.77246718108654,1
48,-0.73889429634437,-0.690182781778276,1
49,0.933751937933266,0.729361644946039,1
50,0.403423896059394,0.961936017032713,1
51,-0.218033839948475,0.828747904393822,1
52,-0.175328851677477,0.757769553456455,1
53,-0.28396617108956,-0.26509376661852,-1
54,-0.650129358749837,0.364938685670495,1
55,0.1467144950293,0.926257591228932,1
56,-0.156269357539713,0.136742574628443,1
57,-0.892656574491411,0.416013348847628,1
58,-0.474451597314328,0.247583519667387,-1
59,-0.442743607796729,0.142001549713314,-1
60,0.17354194726795,0.621462432201952,1
61,0.783581351395696,-0.777635634411126,1
62,-0.229912580456585,-0.584059386514127,-1
63,-0.744639395736158,-0.253234923817217,-1
64,0.689072593580931,0.0395773379132152,-1
65,-0.630402319598943,-0.727094694506377,-1
66,-0.965377533342689,0.993312049657106,1
67,0.685897627845407,0.0434659044258296,1
68,-0.574979158118367,0.838438634760678,-1
69,-0.520705821923912,0.585528734140098,1
70,0.599360708612949,0.414204253815114,-1
71,0.282159231603146,-0.174940866418183,1
72,0.712806474883109,-0.27751173498109,1
73,0.575879212003201,-0.599698279052973,1
74,-0.631045497022569,-0.944942713249475,1
75,-0.727696478366852,0.554524971637875,1
76,-0.287808375898749,-0.308347865007818,-1
77,0.848445682786405,0.651774480938911,-1
78,-0.203718519769609,-0.942228032276034,1
79,0.969644314609468,-0.867941350210458,1
80,-0.811755873728544,-0.718531696591526,1
81,0.0801256652921438,0.929771461524069,1
82,-0.708891288377345,-0.659377492498606,-1
83,0.743176619522274,-0.628097630105913,1
84,0.415993398521096,-0.80708448542282,1
85,0.357949879020452,0.399420839268714,-1
86,0.730230622924864,-0.251410322729498,1
87,0.505787076428533,0.665919257327914,1
88,-0.279649245087057,0.304857301991433,1
89,-0.359171310905367,0.475563077721745,-1
90,0.131432749330997,-0.744280365761369,1
91,0.524705126881599,-0.266847220715135,1
92,0.0143704516813159,0.209021818358451,1
93,-0.212376033887267,-0.303969056345522,-1
94,-0.868231998756528,0.590376953594387,1
95,-0.34001055220142,0.301002515945584,1
96,-0.692562397569418,-0.740189141128212,-1
97,0.220176735427231,-0.849983963184059,1
98,0.17368893371895,-0.150112486444414,1
99,0.48674691002816,-0.551617936696857,1
100,0.897757952101529,-0.92211889475584,1
101,-0.263051982037723,-0.188206464517862,-1
102,-0.0751316407695413,0.107505013700575,1
103,0.363743267022073,-0.377007829025388,1
104,-0.630948145873845,-0.575011105276644,-1
105,0.149688077159226,0.876977201085538,1
106,0.343289900105447,-0.949227641802281,1
107,0.829960679169744,0.276720370631665,1
108,0.49673065263778,0.57114700647071,-1
109,0.862336518708616,0.170499304775149,1
110,0.54755895677954,0.231695109512657,-1
111,-0.0442915521562099,0.998340199235827,1
112,-0.894812838640064,0.558124490547925,1
113,0.927917584311217,0.570134743116796,1
114,0.544154053088278,-0.180233968421817,-1
115,-0.116393795236945,-0.689032701775432,-1
116,0.657052985392511,0.421637001913041,-1
117,-0.717512410599738,0.921460579149425,-1
118,0.929489752743393,0.0173765607178211,1
119,0.510245283599943,-0.0686674565076828,1
120,0.213434253819287,-0.394247115124017,1
121,0.0308347516693175,-0.464415452908725,1
122,0.0844680652953684,-0.130794765427709,1
123,-0.71763345785439,-0.577655913773924,-1
124,0.913266577292234,0.760729544330388,1
125,0.271476921159774,0.285602404735982,1
126,0.500488030258566,-0.453294792678207,1
127,0.741703863721341,3.78000549972057e-05,1
128,0.889711212832481,-0.900619012769312,-1
129,0.37637326028198,-0.0581317478790879,1
130,-0.0488191279582679,0.927598096895963,1
131,-0.492046841420233,0.909264136105776,-1
132,-0.208909421693534,-0.208477223757654,1
133,-0.314850371330976,0.158216816373169,1
134,0.322642068844289,-0.868242794182152,-1
135,0.127989283297211,-0.0383408684283495,1
136,-0.149105661548674,-0.609125832561404,-1
137,0.018607827834785,-0.244353076908737,1
138,-0.326015981845558,-0.142884496133775,1
139,0.640251772012562,0.81311699282378,-1
140,0.769602505955845,-0.262733851093799,1
141,-0.441432368941605,-0.0418458040803671,-1
142,0.00594388181343675,0.303310074843466,1
143,0.580653610639274,0.536759096197784,-1
144,0.418813773896545,0.0907031251117587,1
145,-0.315997898578644,0.895671337842941,1
146,0.820677129551768,-0.611403699498624,-1
147,-0.406207679305226,-0.920791503507644,1
148,0.447196773719043,-0.465349351521581,1
149,-0.379356302320957,-0.36352349165827,-1
150,0.0290748956613243,-0.261158885899931,1
151,0.857205264735967,0.923604703042656,1
152,-0.966672611422837,0.88823464885354,1
153,-0.909576956182718,0.261493726633489,1
154,0.193367023486644,0.109762158244848,1
155,0.753147718962282,0.988971999846399,1
156,-0.371472074184567,-0.555225774645805,1
157,-0.707188264932483,-0.712551603559405,1
158,0.621233384124935,-0.990749481599778,1
159,-0.828027052339166,-0.382601389661431,1
160,-0.836164135485888,0.246563447639346,1
161,-0.329675014596432,-0.443979393690825,-1
162,-0.650278427172452,-0.485580180771649,1
163,-0.723957872483879,-0.217830698005855,-1
164,-0.450549848843366,0.250355280004442,1
165,0.908329587429762,0.239997615572065,1
166,-0.0342143010348082,0.977446139324456,1
167,0.561611068900675,-0.697741014882922,1
168,-0.821683583781123,-0.736774455290288,1
169,-0.064831112511456,-0.802830941043794,1
170,-0.328872589860111,-0.293022053781897,-1
171,-0.088435220066458,-0.311456036288291,1
172,-0.485365401953459,-0.914419562090188,1
173,-0.656277015805244,0.166655126493424,1
174,-0.453184637706727,0.388992087449878,1
175,-0.102823299355805,-0.773510797414929,1
176,0.548163475468755,-0.729590440634638,1
177,-0.21157562173903,-0.105918033979833,1
178,-0.292937065009028,0.341607613954693,1
179,0.0938201318494976,-0.41840353468433,-1
180,0.787398316431791,-0.401924928184599,1
181,0.11101052723825,0.148246082942933,1
182,0.509117073845118,0.363077098038048,-1
183,0.338672407902777,-0.030048823915422,1
184,-0.576123887207359,0.798086408991367,1
185,-0.747503920923918,-0.36988829402253,-1
186,-0.584250028245151,0.936042080167681,-1
187,-0.231775757391006,0.122428748290986,1
188,0.931145126465708,0.191571087576449,1
189,0.327456173021346,-0.589873775374144,1
190,0.790244207717478,0.985144377220422,1
191,0.0700067030265927,0.341624210122973,1
192,-0.579738827887923,-0.506361087784171,-1
193,0.527270103339106,0.39932753983885,-1
194,-0.0385830453597009,0.661969077307731,1
195,-0.0404489208012819,0.227511541452259,1
196,-0.652856136206537,-0.783836794085801,1
197,-0.913131675217301,0.564420117996633,1
198,0.706593501847237,0.741172061301768,-1
199,-0.942775006406009,0.498728796839714,-1
200,0.555037571582943,0.698206533677876,-1
201,0.786291585303843,0.47208147495985,-1
202,-0.129015828948468,-0.0134500982239842,1
203,-0.517905683256686,0.797567893750966,1
204,0.920369543135166,0.0372083950787783,-1
205,0.0650406554341316,0.877511723898351,1
206,0.971016100142151,0.974965577945113,1
207,0.738724643364549,0.442074375692755,-1
208,0.381831398233771,0.0569640537723899,1
209,-0.822310594841838,0.399777374230325,1
210,-0.953439672943205,0.981264167930931,1
211,-0.251691527199,-0.00186893017962575,1
212,-0.822162416763604,0.0381299806758761,-1
213,0.148277670610696,-0.89154069731012,1
214,-0.285245994105935,-0.978995491284877,1
215,-0.805111586116254,0.535836440511048,1
216,0.184885120950639,-0.40960028860718,1
217,-0.683433383237571,-0.391652485355735,-1
218,0.445492328610271,-0.74519750289619,1
219,0.284795074258,0.335872583091259,-1
220,-0.437561940867454,-0.260389070026577,-1
221,-0.692517874762416,0.290738289710134,1
222,0.0710336421616375,0.165804475545883,1
223,-0.991479362361133,-0.235941498540342,1
224,-0.270276688970625,0.110432171728462,-1
225,0.928998609539121,0.41653867950663,1
226,0.333342242520303,-0.138393830507994,1
227,0.460191190708429,0.924438728950918,1
228,0.432706335559487,0.395523007493466,-1
229,0.239711393136531,-0.22821679385379,1
230,0.554754804819822,-0.484231812879443,1
231,-0.427884899545461,-0.851508918218315,1
232,-0.724956413730979,-0.518845823593438,-1
233,0.390182769857347,-0.257861072197556,1
234,-0.417551897466183,-0.0764042623341084,-1
235,0.183983474504203,0.910111919976771,1
236,-0.489517890848219,-0.0503049278631806,1
237,0.564896820578724,0.328434073831886,-1
238,0.0293311225250363,-0.557243249379098,1
239,0.766473650000989,0.468215332366526,-1
240,-0.485190042294562,-0.0119831343181431,-1
241,0.367969820275903,0.236401352565736,-1
242,0.557730407919735,-0.884001037105918,1
243,-0.423395132180303,-0.709060618188232,-1
244,0.8075141152367,-0.872529222164303,1
245,-0.732377205509692,0.87566934665665,1
246,-0.480931230355054,-0.303810499142855,-1
247,0.102069223299623,-0.528746894095093,1
248,-0.763716415502131,-0.478690891526639,-1
249,-0.608633242547512,-0.657136812340468,-1
250,0.447049156296998,0.129709993489087,1
251,0.970700501464307,0.116666743066162,1
252,0.995243531186134,-0.199860346503556,1
253,-0.461113622877747,-0.305519545916468,-1
254,0.272480731830001,-0.205532588995993,1
255,-0.831128205638379,-0.43832259112969,1
256,-0.152784871403128,0.0745500209741294,1
257,-0.773430577013642,0.317770055029541,1
258,-0.558851944282651,0.844565495382994,1
259,-0.471034263726324,-0.956028439570218,1
260,-0.886647359002382,0.891783027444035,1
261,-0.238198986276984,-0.0608386099338531,-1
262,-0.595352387521416,-0.745874372776598,-1
263,-0.407643361948431,-0.731166574172676,-1
264,0.702697302680463,-0.842657442204654,1
265,0.871493028476834,0.461363210342824,-1
266,0.33045790810138,0.596623443532735,-1
267,-0.773982101120055,-0.797107701655477,1
268,0.754145006183535,0.281600461807102,-1
269,-0.314784421119839,-0.91967843612656,1
270,-0.0724029485136271,-0.0865324861370027,1
271,0.44496662216261,-0.67384395794943,1
272,-0.455818681977689,0.561464739497751,-1
273,0.0032021077349782,-0.370426578912884,-1
274,-0.45132820494473,-0.810041259042919,-1
275,-0.298913258593529,0.0693413461558521,1
276,-0.109268034342676,0.565273705404252,1
277,0.653729137498885,-0.430733131244779,-1
278,-0.286929939407855,-0.115810089278966,-1
279,0.727266217116266,-0.347526455298066,1
280,0.183194607496262,0.617041324730963,-1
281,0.659471912309527,-0.9531290368177,1
282,0.435247297398746,0.286918884608895,-1
283,-0.322245962917805,0.873663308564574,1
284,-0.307164408266544,-0.401369238737971,-1
285,-0.751163168344647,-0.352805674541742,-1
286,-0.00680834846571088,-0.802787485066801,1
287,-0.0988045572303236,0.750903086271137,1
288,0.24275746755302,-0.893496986012906,1
289,-0.184980476275086,0.46515478240326,-1
290,0.0359098808839917,-0.743635146412998,1
291,-0.143180845770985,-0.244144469033927,-1
292,0.542189474217594,-0.636580867692828,1
293,0.242997315246612,-0.459337126463652,1
294,-0.460752103943378,0.499746206216514,1
295,-0.410522365011275,-0.528027351014316,-1
296,0.653143145143986,-0.664832960814238,1
297,-0.161184344440699,0.399396759457886,1
298,0.0655316803604364,0.0194381945766509,1
299,-0.643657035659999,-0.31855178438127,-1
300,0.0528719807043672,-0.216888582333922,1
301,-0.377518743742257,-0.641362561378628,-1
302,-0.00606968905776739,0.490981341805309,1
303,-0.625341568142176,0.846939977724105,1
304,0.756529779639095,0.228472928050905,1
305,0.583311874885112,0.439666133373976,-1
306,0.675364275462925,-0.418104962911457,1
307,-0.968689201399684,0.0048415451310575,1
308,-0.377626225352287,-0.129422013182193,1
309,0.697673397604376,-0.625336854718626,1
310,0.706036038696766,0.318528812844306,1
311,-0.834576418623328,-0.0711351842619479,-1
312,-0.348186190240085,-0.813322036061436,1
313,0.126401380635798,0.400189504027367,1
314,0.223267467692494,0.58794084424153,-1
315,0.935101251117885,0.203997801057994,1
316,0.2011070814915,-0.0779432090930641,1
317,0.550076650455594,-0.954555328469723,-1
318,0.0575642581097782,0.202492935582995,-1
319,0.103488161228597,0.596643219701946,1
320,0.881989447865635,-0.603536141570657,1
321,0.694049128331244,-0.516777707263827,1
322,0.566412830259651,0.903321389574558,-1
323,-0.879198175854981,0.662435786332935,1
324,0.550915940664709,-0.705644633620977,1
325,-0.723204988520592,-0.216918506659567,-1
326,-0.971025006845593,-0.644136696588248,1
327,0.102237060200423,-0.338742972351611,1
328,-0.304098347201943,-0.68621996184811,-1
329,-0.223086657933891,-0.381845077499747,-1
330,0.646090329624712,-0.0665017515420914,1
331,-0.696254825219512,-0.878807823639363,1
332,0.602947234641761,-0.485300200991333,1
333,-0.0711700785905123,0.13455084245652,1
334,0.614234942477196,0.905884784646332,-1
335,0.893609047401696,-0.270429239142686,1
336,0.0896668499335647,0.845330370124429,1
337,0.424484182149172,-0.91689725453034,1
338,-0.104572407435626,-0.613652840256691,-1
339,-0.552237710449845,0.552896210923791,1
340,0.858755918219686,0.747349863406271,1
341,0.783918006811291,0.955088106915355,-1
342,-0.313765701837838,0.163584874011576,1
343,-0.968932049814612,0.776674079708755,1
344,0.912140842992812,-0.555508434772491,1
345,-0.687694668304175,0.710602462291718,1
346,-0.50902307825163,0.432114080060273,1
347,0.418398180045187,0.666112501174212,-1
348,0.609281970653683,0.596683469600976,1
349,0.356194773223251,0.739793349523097,-1
350,0.777331222780049,0.630217743106186,-1
351,-0.979553137905896,-0.33049534400925,1
352,-0.517906052526087,-0.759596020448953,-1
353,0.48086908692494,0.300921225454658,-1
354,0.727851543575525,0.660895260050893,-1
355,-0.655456891749054,-0.15143927000463,-1
356,-0.345444666221738,-0.0295643680728972,-1
357,-0.701510203070939,0.560219143517315,1
358,-0.808512002229691,-0.662298420909792,1
359,-0.0661220764741302,-0.511975672561675,-1
360,0.548389691859484,0.949414595030248,1
361,0.948671156540513,-0.696136578451842,1
362,0.0393904438242316,0.641640692017972,1
363,0.136271667666733,-0.225236426107585,1
364,-0.857409658376127,-0.372369612101465,-1
365,-0.00086346548050642,-0.143060310278088,1
366,-0.986617034766823,-0.870288510806859,1
367,-0.225532218348235,0.939052407629788,1
368,0.661410274915397,0.50437016505748,-1
369,0.300618120469153,-0.892052388284355,1
370,0.0280313841067255,0.892810670193285,1
371,0.0592872956767678,0.109399633482099,1
372,-0.869512110482901,-0.960893754847348,1
373,0.0826307190582156,0.992874833755195,1
374,0.683211516123265,-0.0225170883350074,1
375,0.362934237346053,-0.801817561965436,1
376,-0.532511331606656,0.121534780599177,1
377,0.956447544973344,0.628829929046333,1
378,0.989283856470138,-0.731042665429413,1
379,0.789066598750651,-0.494073397945613,1
380,-0.214171417523175,-0.459607911296189,-1
381,-0.529453581664711,0.708588699344546,1
382,0.567043025512248,0.500542391091585,-1
383,-0.722813405096531,-0.00623756088316441,1
384,-0.490197216626257,0.746189279016107,1
385,-0.46825065696612,0.504954158328474,1
386,-0.369222812820226,-0.608046676032245,-1
387,0.482018331997097,0.776927693281323,-1
388,0.947849580552429,-0.322873235680163,1
389,-0.532423779368401,0.395099489949644,1
390,0.354419213254005,-0.680807627271861,1
391,-0.33223271323368,0.427164202090353,1
392,-0.627945507410914,0.330503858625889,1
393,0.362478587776423,0.321027377620339,-1
394,0.0721083623357117,0.000777502544224262,1
395,-0.232129538897425,-0.435902010649443,-1
396,0.332523540593684,0.998303090687841,1
397,0.776216586120427,0.955196630675346,1
398,-0.323635787237436,-0.0420229253359139,1
399,0.739383758511394,-0.574628027155995,1
400,0.732995068188757,-0.453743307385594,1
401,0.965119617991149,-0.935457888524979,1
402,-0.757227224763483,-0.499748437199742,-1
403,0.264124598354101,-0.196671450976282,1
404,0.99103499064222,-0.641529814805835,1
405,0.167325657792389,-0.847721723373979,1
406,-0.578327158931643,-0.606393191497773,1
407,-0.950774515047669,0.544076162856072,1
408,-0.522312456276268,-0.439743683673441,-1
409,-0.76227288460359,0.167510261293501,1
410,0.907340431120247,-0.698942496906966,1
411,-0.0113772288896143,-0.719197017606348,-1
412,0.357582599390298,0.284697482828051,-1
413,0.400867593940347,-0.976802431978285,1
414,-0.635260536335409,-0.776935867965221,-1
415,0.662526537664235,-0.093645850662142,1
416,-0.803184361662716,0.786537801846862,1
417,0.249285316560417,0.144852926488966,1
418,-0.882672083564103,0.497942928690463,-1
419,-0.668817718047649,-0.581399504560977,-1
420,-0.238927002996206,-0.959450282156467,1
421,-0.386641981545836,-0.935436279978603,1
422,0.586481865029782,0.00983726931735873,1
423,-0.798267068341374,0.123479283880442,1
424,0.176359780598432,-0.741621065419167,-1
425,-0.915850895922631,-0.421100243460387,1
426,0.652484839316458,-0.271111550740898,1
427,0.275643433444202,0.907863029278815,1
428,0.428115157876164,0.814231927040964,-1
429,0.859832205343992,-0.751650396734476,1
430,0.874366933014244,-0.871901615057141,1
431,-0.258031531237066,-0.41476876148954,-1
432,0.267603301908821,-0.155116045847535,1
433,0.425398331135511,0.050978472456336,1
434,-0.0946449181064963,-0.13080301694572,-1
435,-0.618107895366848,-0.0811194693669677,1
436,-0.224674795754254,-0.654495953582227,-1
437,-0.793922446668148,0.928021524101496,1
438,-0.793869279325008,-0.559969217982143,-1
439,-0.99005293333903,-0.426329075824469,1
440,0.175218034535646,-0.866064120084047,1
441,-0.48410926386714,-0.810745861381292,1
442,0.633616734296083,0.598689993843436,-1
443,-0.215405142400414,-0.492550747934729,-1
444,0.880717857275158,0.910294011700898,-1
445,0.688449433539063,-0.107805257197469,1
446,-0.20458866795525,0.198567849118263,1
447,-0.547616787720472,-0.986071638762951,-1
448,-0.171492776367813,0.474772303830832,-1
449,-0.319722553249449,-0.511514944490045,-1
450,-0.749033549334854,0.421776752918959,1
451,0.51669851783663,-0.96200116770342,-1
452,-0.225259309634566,0.675493225455284,1
453,0.918057721573859,0.765843554865569,1
454,0.0322646023705602,-0.516294011846185,1
455,0.98680459568277,0.634091504849494,1
456,0.792247682344168,-0.289879990741611,-1
457,-0.0481561576016247,-0.679942386690527,1
458,0.574243940412998,0.165405008941889,1
459,-0.535978969652206,-0.417271377518773,-1
460,0.941928006242961,-0.662900739349425,1
461,-0.345889657270163,0.768711353652179,1
462,-0.524361764546484,0.832558271475136,1
463,0.396142556332052,0.162161507178098,1
464,-0.838093178346753,0.846937805879861,1
465,-0.670505131129175,-0.550102615728974,-1
466,0.873677242081612,0.757034800481051,1
467,0.851381738204509,-0.458584502339363,1
468,0.118395291734487,-0.408485124818981,1
469,0.824322200380266,-0.130854571703821,1
470,0.103819865267724,-0.27236578380689,1
471,-0.289302448742092,-0.837019418831915,1
472,0.407437204848975,0.0901996777392924,1
473,0.847306511830539,0.173191506415606,1
474,0.327822204679251,-0.721094358246773,1
475,-0.533156038727611,-0.586366476025432,-1
476,-0.649672121740878,-0.733570629265159,-1
477,0.143943062517792,-0.188777196686715,1
478,0.694676073733717,-0.334233576897532,-1
479,0.0900177746079862,-0.763821229804307,-1
480,0.376842304132879,-0.514354002196342,-1
481,0.206160650122911,-0.804454465862364,1
482,0.890960403718054,0.852406840305775,1
483,0.647087499964982,-0.56784530961886,1
484,-0.397328848484904,-0.651554792653769,1
485,0.714560980442911,-0.784952609334141,-1
486,-0.200734809041023,0.461182723287493,1
487,-0.435655410867184,-0.48556667054072,-1
488,0.0835794336162508,-0.853322909213603,1
489,-0.548172276001424,-0.522555836010724,-1
490,0.844949663616717,-0.659893616568297,1
491,-0.560524214059114,0.700751765165478,1
492,0.195767601020634,0.783069492783397,1
493,-0.872654356993735,-0.215958229266107,1
494,0.588173946365714,0.604593127500266,-1
495,-0.832058522850275,-0.712790891062468,1
496,0.824706099927425,0.038329045753926,1
497,0.94736301433295,0.585809682495892,1
498,-0.516271057538688,-0.739669948816299,-1
499,0.163962455932051,0.192993212025613,-1
500,0.163955771364272,-0.257833647541702,-1
501,-0.148556356783956,-0.150229813996702,-1
502,0.824477448128164,0.346797106787562,-1
503,0.0239689997397363,-0.331730734556913,1
504,0.133485314901918,0.344033950008452,1
505,0.029121735598892,-0.74047261569649,1
506,-0.0288622244261205,-0.819215412251651,1
507,0.280311246868223,-0.200207930989563,1
508,0.660788048990071,-0.672215880826116,1
509,0.125276279170066,-0.0799134792760015,1
510,0.910834097769111,-0.862592460587621,1
511,-0.872652822639793,0.381899949163198,1
512,-0.108294299338013,-0.174509429372847,-1
513,-0.266777242068201,-0.325746046379209,-1
514,-0.508356012403965,0.00120760966092348,-1
515,0.0441893641836941,0.425745596177876,1
516,-0.0351453772746027,0.253260905854404,1
517,-0.562742607668042,-0.698599787894636,1
518,0.11199227720499,-0.166732887271792,1
519,-0.557877685874701,0.43285367032513,1
520,-0.100488482043147,0.591809262521565,-1
521,0.409576586447656,-0.162191580515355,1
522,0.76736986450851,0.566799363587052,-1
523,0.143708379473537,-0.927261404693127,-1
524,0.562735042069107,0.262095379177481,-1
525,0.802902205847204,-0.159797437023371,1
526,-0.136936279945076,0.998619389720261,1
527,0.367560252081603,0.259606429375708,-1
528,-0.870310468133539,0.337396047078073,1
529,-0.0997536806389689,0.187909964472055,1
530,0.585621036123484,0.869538130238652,-1
531,-0.317139952909201,0.340097825508565,1
532,-0.791618226096034,0.295388117432594,1
533,0.419735015835613,0.595607144292444,-1
534,0.00147800892591476,0.269176847301424,1
535,0.106009857729077,0.6042853416875,1
536,-0.105176136828959,0.28777592163533,1
537,0.662665942218155,0.316037903074175,-1
538,0.990717051550746,-0.0946985431946814,1
539,0.977274717763066,-0.082105761859566,1
540,-0.613531318493187,0.95749347936362,1
541,-0.604168984573334,-0.734005342703313,-1
542,-0.250178740825504,-0.2428117855452,-1
543,-0.651099721901119,0.0470249718055129,1
544,0.634204746223986,-0.517406372819096,1
545,-0.144491075538099,-0.800715633668005,1
546,-0.660549851600081,0.00341338152065873,1
547,-0.678433880675584,-0.800055638886988,1
548,0.521018924657255,0.88304588990286,-1
549,-0.774193173740059,0.789317234884948,1
550,-0.950224168132991,0.756454175338149,1
551,0.924180008471012,-0.551470613107085,-1
552,0.642135307192802,-0.135061229579151,1
553,0.759602189529687,-0.233690922148526,1
554,-0.0417159972712398,-0.833956931252033,1
555,0.591287894640118,0.657620152458549,-1
556,0.582096905913204,-0.821261939126998,1
557,0.110389622393996,-0.438054596539587,1
558,-0.050322272349149,-0.0442764842882752,1
559,-0.30828598048538,-0.627494200132787,-1
560,0.57726125093177,0.16533516952768,1
561,0.869627914391458,-0.931699098087847,1
562,-0.631314460653812,-0.704208028037101,-1
563,0.914404815994203,0.187846635933965,1
564,-0.580618798732758,0.0821912339888513,1
565,-0.98034237883985,-0.988711490295827,1
566,-0.703746334649622,-0.379414915107191,-1
567,-0.306196923367679,0.811081710271537,1
568,0.559491616673768,0.351463770493865,-1
569,-0.114367011003196,0.527983525302261,1
570,0.526970898266882,-0.134870385751128,1
571,-0.457007574383169,0.61993794888258,1
572,-0.605437593068928,-0.913970604073256,1
573,-0.242714466992766,-0.684929761569947,-1
574,-0.41978824744001,0.927816529758275,1
575,0.927509360015392,-0.252981644589454,1
576,0.794413751456887,-0.676408768165857,1
577,0.600646662060171,0.894061223138124,-1
578,0.308165437541902,0.312576479278505,-1
579,-0.250396455172449,-0.283136023208499,1
580,-0.285733992233872,-0.568669805303216,-1
581,0.9498077230528,0.280386391095817,1
582,-0.588933133054525,-0.94054998876527,1
583,0.973974810447544,-0.633988596498966,1
584,0.553579317871481,-0.919859988614917,1
585,-0.113944102544338,-0.710193311795592,1
586,0.285453321412206,0.52630215883255,-1
587,0.393104622140527,-0.0707806861028075,1
588,-0.963841992430389,0.801240879110992,-1
589,-0.921092044562101,-0.377965696156025,1
590,-0.842635189648718,-0.462377241346985,1
591,0.695353467017412,-0.913827162701637,1
592,0.54352661408484,-0.629623751621693,1
593,-0.390263022389263,0.240277084987611,1
594,0.0408164719119668,-0.910777251701802,1
595,-0.939194005914032,0.97793393349275,1
596,-0.901798912789673,-0.735482898540795,1
597,0.613238079007715,-0.7533726003021,1
598,0.286953093484044,0.943469760008156,1
599,0.895604756660759,0.123523185029626,-1
600,-0.594666643999517,0.777936855331063,1
601,-0.504098497331142,0.0467960149981081,1
602,0.359544243663549,-0.929172192234546,1
603,-0.180893532931805,0.607000547461212,1
604,0.550183626823127,-0.89349760254845,1
605,-0.696089541073889,-0.376340745016932,-1
606,0.970795608591288,-0.373785274568945,1
607,0.80252278316766,-0.577616313006729,1
608,0.535023735836148,-0.66251952573657,1
609,-0.198917028959841,-0.182654499076307,-1
610,-0.977440154179931,-0.442741273436695,1
611,-0.281508934684098,0.425159985665232,1
612,-0.0128110572695732,-0.930861155968159,1
613,-0.0800541415810585,-0.59878324251622,-1
614,0.650372810196131,-0.655081264209002,1
615,-0.782397801522166,-0.209595270454884,1
616,-0.263377361465245,0.573279474396259,1
617,-0.423468079417944,-0.591959842015058,-1
618,-0.675157571677119,0.71402493910864,1
619,-0.69408891024068,-0.435210251715034,-1
620,-0.639455448370427,-0.851027718745172,1
621,0.328073023352772,-0.0127446879632771,1
622,0.682209696155041,0.472379140555859,-1
623,0.0740919932723045,0.0727915936149657,1
624,0.656530568841845,-0.767766747158021,-1
625,0.378967860713601,0.449937511701137,-1
626,-0.360870219767094,0.461884229909629,1
627,-0.779001510236412,-0.287304786965251,1
628,-0.27812417363748,0.0703079816885293,1
629,0.487470874097198,-0.397543071769178,1
630,-0.194534276146442,-0.326070591807365,-1
631,0.347562624607235,-0.00995650421828032,1
632,-0.77063595643267,-0.638450915459543,1
633,-0.803975723683834,0.890036327764392,1
634,0.705879734829068,-0.104336643591523,1
635,-0.908948578406125,0.360205013304949,1
636,0.936814197339118,-0.0564891407266259,1
637,-0.0585677092894912,-0.373923535924405,-1
638,-0.631235176697373,0.464825618546456,1
639,-0.138434421736747,-0.945556583814323,1
640,0.72092748247087,0.428575945086777,-1
641,-0.738917572423816,-0.677973733283579,1
642,-0.452079697977751,0.795380396768451,1
643,-0.0938295922242105,-0.44953676732257,-1
644,-0.69427154539153,0.611121008638293,1
645,0.248091344721615,0.352633763570338,-1
646,0.267066274303943,-0.156921572983265,1
647,0.143587241414934,-0.149730761535466,1
648,-0.757949024904519,0.356012580450624,1
649,-0.235687232576311,-0.374593113083392,-1
650,0.987327062524855,-0.700261571444571,1
651,-0.582514137029648,-0.879806666169316,-1
652,-0.867981080431491,-0.805306015536189,1
653,0.0663427482359111,0.299506823997945,1
654,-0.433494380675256,-0.595710475929081,-1
655,0.16666994523257,0.733313665259629,1
656,-0.192185158841312,0.920827914960682,1
657,-0.129655012860894,-0.0389747805893421,1
658,0.298390494193882,0.374360238201916,-1
659,0.242117807734758,0.83370436867699,1
660,0.461208833847195,-0.0253463773988187,1
661,0.222181250806898,0.326948596630245,1
662,-0.521951985079795,0.691056938376278,1
663,0.67084176838398,0.166782438289374,1
664,0.293315015267581,0.00725236115977168,1
665,0.44547211099416,0.676888362038881,-1
666,0.304457204882056,0.860859809909016,1
667,0.142074053641409,-0.976385278627276,1
668,0.630626128520817,-0.607251791283488,-1
669,-0.19883316103369,-0.845201137475669,1
670,-0.575806345324963,-0.499714082572609,1
671,-0.157333761453629,0.0782053139992058,1
672,-0.680196532048285,0.166563901584595,1
673,0.445667596533895,-0.733161646872759,1
674,0.274852973408997,0.823417669627815,1
675,-0.96199692459777,0.154878839384764,1
676,-0.427399423904717,0.825541606172919,1
677,0.992271461058408,0.333745379932225,1
678,0.348379022907466,-0.55464661680162,1
679,-0.865160271059722,0.332379595842212,-1
680,-0.617837588302791,-0.163765138015151,-1
681,0.762058740947396,-0.0114456070587039,-1
682,0.424996734596789,-0.141801776364446,1
683,-0.62224136851728,0.0898539586924016,1
684,-0.430413282942027,0.685078432317823,1
685,0.356823356356472,0.070828681346029,1
686,0.0169993345625699,-0.087248663417995,1
687,-0.838924808893353,0.423622861970216,1
688,-0.53744384739548,0.0559908333234489,1
689,-0.567482157610357,0.275392213836312,1
690,0.18177285278216,0.321446547284722,1
691,-0.62550049694255,0.880705228075385,1
692,0.755606428720057,0.0406619287095964,1
693,-0.111542555503547,-0.842800796497613,1
694,0.729288808070123,-0.305406670086086,-1
695,0.259218419436365,0.562597779557109,-1
696,-0.899700072128326,0.752718689385802,1
697,0.0511957965791225,-0.920173605903983,1
698,0.049912076909095,0.710488103795797,1
699,0.604197161272168,0.690164011903107,-1
700,0.180415898561478,0.863842441700399,1
701,0.46842775773257,0.768462090753019,-1
702,0.410771650262177,-0.0791097288019955,-1
703,0.194580249022692,0.786292515695095,1
704,0.385073143057525,-0.92926134634763,1
705,-0.648749397601932,0.365530870854855,1
706,-0.259201306849718,0.951427062042058,1
707,0.614619767293334,0.999145769979805,1
708,-0.791525912471116,-0.362090556882322,-1
709,-0.862007705494761,-0.427141840569675,1
710,-0.0373627189546824,-0.623046194668859,1
711,-0.00382725615054369,-0.974860374815762,1
712,0.266858225688338,-0.260741529520601,1
713,-0.501645714975893,-0.914858636911958,1
714,0.188662893138826,-0.550619986373931,1
715,0.176582314539701,0.898439186625183,1
716,0.25031331833452,0.196397938299924,1
717,-0.259458210319281,0.121931369882077,-1
718,0.796396647579968,-0.669359921012074,1
719,-0.923709577415138,0.236057133413851,1
720,-0.620662363246083,-0.43939275899902,1
721,-0.228384602814913,-0.290113910567015,-1
722,-0.0401016767136753,-0.781728398986161,1
723,0.787264938931912,-0.903559697326273,-1
724,0.567057443317026,-0.59843219211325,1
725,-0.91205092985183,-0.780436744913459,1
726,0.513339644297957,-0.939425903838128,1
727,0.532777607440948,-0.52706499164924,1
728,0.46564186969772,-0.664427597075701,1
729,0.961613605264574,0.37466497393325,1
730,0.409270459320396,-0.487945881206542,1
731,-0.943951894063503,-0.96585140330717,1
732,-0.557268863543868,0.725430974271148,1
733,0.0100304135121405,0.882132849190384,1
734,0.0742204366251826,0.476992439478636,1
735,-0.269195863977075,-0.237057277001441,-1
736,-0.633657803293318,-0.132220183499157,-1
737,0.115050989203155,0.116805002558976,1
738,-0.951943101361394,0.0837085759267211,1
739,-0.998069339897484,0.269327438436449,1
740,0.902610489632934,-0.989867380354553,1
741,-0.448815508745611,0.0166427446529269,1
742,-0.79878151230514,0.188409322407097,1
743,-0.698098441120237,0.0755619071424007,-1
744,-0.106098230928183,-0.651856525801122,-1
745,0.656262243166566,0.323029883205891,-1
746,0.31153028877452,-0.0964931286871433,-1
747,0.1835360028781,0.95703357970342,1
748,-0.793960332870483,-0.457924242597073,-1
749,-0.0291694779880345,-0.535826019477099,1
750,-0.915459925308824,0.62026079185307,1
751,0.929428760893643,-0.836214196868241,1
752,-0.0665919464081526,0.398382560350001,1
753,-0.120231627486646,0.416616027243435,1
754,-0.105797303374857,0.96989224338904,1
755,-0.64947642525658,-0.191850595641881,-1
756,-0.513140482828021,0.814697350841016,1
757,0.824953517876565,0.386751087382436,-1
758,0.977401800919324,0.236465044785291,1
759,-0.671923185233027,0.07705934997648,1
760,-0.0128178540617228,-0.935934212058783,1
761,-0.393125145696104,-0.955026197712868,-1
762,0.52320000063628,-0.136216647457331,1
763,0.127578440122306,0.690941596869379,1
764,-0.288781794253737,0.906349312514067,1
765,-0.358026779256761,-0.787765434477478,-1
766,0.629757043905556,-0.344896449707448,-1
767,0.0898026279173791,-0.719664465636015,1
768,-0.537030149251223,0.163132397923619,1
769,-0.417803032789379,0.149651654530317,1
770,-0.827853951137513,0.337669229134917,1
771,0.167397239245474,-0.383199646603316,1
772,0.281285108532757,0.375552131794393,-1
773,0.447848496492952,0.911487529985607,-1
774,0.923504265490919,-0.361452749464661,1
775,0.164274304639548,-0.368386946152896,1
776,-0.60715699614957,0.0489698792807758,1
777,-0.193891144357622,-0.612557465676218,-1
778,0.595238076522946,-0.678832762874663,1
779,0.324978889897466,0.575530634261668,-1
780,0.863091818057001,0.104883680120111,1
781,0.184310848359019,-0.747701766900718,-1
782,-0.0972736999392509,0.178914660122246,1
783,-0.679500619415194,-0.550042153801769,1
784,0.674921394791454,0.691744236275554,1
785,0.813663343433291,0.199441303964704,1
786,-0.97770419716835,-0.837780255358666,1
787,-0.63092348491773,-0.364447801373899,-1
788,0.18502488732338,0.820733730681241,1
789,-0.295017574448138,0.749860470183194,1
790,-0.738668768201023,0.540760148782283,1
791,-0.694244714453816,-0.458099037408829,-1
792,0.692168030422181,-0.601740533020347,1
793,-0.217130376026034,-0.331450943369418,-1
794,-0.484884178731591,-0.428018223959953,-1
795,-0.103362011257559,0.602838120888919,1
796,-0.578763315919787,0.515156182460487,1
797,0.663513227365911,-0.349806513171643,1
798,0.86126905400306,-0.614573759492487,1
799,-0.915157651528716,0.426390117499977,1
800,0.28691182564944,0.632190191186965,-1
801,-0.269114090595394,0.0869096368551254,-1
802,-0.190118701662868,0.266991562210023,1
803,-0.371248288080096,-0.796542292926461,-1
804,-0.609841780737042,0.159586237743497,1
805,-0.829617146868259,0.520439815707505,1
806,-0.0225444054231048,-0.543572988826782,-1
807,-0.472673901822418,0.346641056239605,1
808,-0.274209429975599,0.977735387161374,-1
809,0.958971139509231,0.453524290584028,1
810,-0.403557460289448,0.0124619784764946,-1
811,0.17606071010232,-0.63322738930583,1
812,-0.333187678363174,0.468654328491539,1
813,0.706333393231034,0.211056246422231,-1
814,-0.614311710000038,0.702579249627888,1
815,0.904706827364862,-0.766041794791818,1
816,0.961399891413748,-0.384802271611989,-1
817,0.0574742187745869,0.0451442687772214,1
818,0.0167486486025155,0.435737521387637,1
819,-0.108714003581554,-0.264600004535168,-1
820,-0.942424234002829,-0.032646753359586,1
821,0.702041939366609,0.34882631432265,-1
822,-0.644080451689661,0.13686633342877,1
823,-0.0344351250678301,-0.150087819434702,1
824,-0.548428997863084,0.574792676139623,1
825,0.167812597006559,0.169250695500523,1
826,0.365084445104003,0.0826805434189737,1
827,-0.254603053908795,-0.635447203181684,-1
828,-0.88184163114056,-0.514009840320796,1
829,0.818798165768385,0.136641569435596,1
830,0.775682410690933,-0.317215923219919,1
831,-0.905819622334093,0.50002093333751,1
832,-0.910826981533319,0.65436599496752,1
833,-0.0964299296028912,-0.264864237513393,-1
834,-0.296927323564887,0.880366964731365,1
835,0.358685786835849,-0.528168915305287,1
836,0.914978710003197,-0.157328693196177,1
837,0.84007218061015,0.405193780548871,-1
838,-0.568355506751686,-0.0170648130588233,-1
839,-0.957196714356542,-0.259562060236931,1
840,0.553117505274713,-0.833527934271842,1
841,-0.283833087421954,-0.368427104316652,-1
842,0.972861711401492,-0.257774543017149,1
843,-0.900073669385165,-0.683593218680471,1
844,0.570188984274864,-0.735425820108503,1
845,-0.684067419730127,0.109562538098544,1
846,0.819724204018712,-0.865143924951553,1
847,0.60689255502075,-0.447123658843338,-1
848,0.036351868417114,-0.747266018297523,1
849,-0.109093821141869,0.196065545082092,-1
850,0.0517523540183902,-0.858099225442857,1
851,0.826519147027284,-0.152578818611801,1
852,0.714417230337858,-0.567526146303862,1
853,0.806442816741765,-0.371961293276399,1
854,0.0973287220112979,0.636473993305117,-1
855,-0.483993532601744,0.405876162927598,1
856,0.901639862917364,-0.844614565838128,1
857,-0.285651215352118,0.401250219903886,1
858,-0.375407100189477,-0.283074540086091,-1
859,-0.00614952854812145,0.828128870110959,1
860,-0.443720855284482,0.377058683428913,1
861,0.193226251285523,0.670813393779099,1
862,0.190976509824395,0.612503630574793,-1
863,0.531652101315558,-0.571377719752491,1
864,0.705253464635462,-0.658013181760907,1
865,-0.12139979749918,0.662249133456498,1
866,-0.743371457792819,0.9786277692765,1
867,0.146751421038061,0.976852118503302,1
868,-0.338829042389989,0.968623068183661,1
869,-0.741687588393688,-0.848059165757149,1
870,0.143817588686943,-0.766008859034628,1
871,0.810948872938752,-0.908948269672692,1
872,-0.865274245850742,0.309114164672792,1
873,0.0798673271201551,-0.807962826918811,1
874,0.130312337074429,-0.701659180223942,1
875,0.555776337627321,-0.266668054740876,1
876,-0.548647064249963,0.712064956314862,1
877,-0.368906360585243,0.714961047749966,1
878,0.714877459686249,0.908982023596764,1
879,0.659710181411356,0.240796855185181,-1
880,0.774649308528751,0.347792305517942,-1
881,-0.33127130754292,-0.0205979663878679,-1
882,-0.676144606433809,0.828536353539675,1
883,0.547003324143589,-0.712918989360332,-1
884,0.204927077982575,-0.131735456176102,1
885,0.66749872919172,-0.342049663886428,1
886,-0.253665293101221,0.26331978244707,-1
887,-0.270473075099289,-0.107996315229684,-1
888,-0.075301768258214,0.374241466168314,1
889,-0.0246555516496301,0.533963912632316,1
890,-0.648899973370135,-0.976728169713169,1
891,0.710174618754536,-0.0179939540103078,1
892,0.805999896489084,0.562061002478004,1
893,-0.617280843667686,0.157869209069759,1
894,0.0292659038677812,-0.0607856763526797,1
895,-0.42289529228583,0.481134378351271,1
896,-0.232195724733174,0.0650357296690345,-1
897,0.088400793261826,-0.435262853745371,1
898,0.752003041096032,-0.547002595849335,1
899,-0.472198565956205,0.43665291601792,1
900,-0.0331188179552555,-0.558168608695269,-1
901,0.833293560892344,-0.768590512219816,1
902,-0.669949451927096,-0.755876279436052,1
903,0.719839933328331,0.634736679494381,-1
904,0.457059991080314,0.110935997217894,1
905,-0.974606602918357,-0.443422284908593,1
906,-0.341061213985085,0.532097668386996,-1
907,-0.132404218427837,-0.394396379124373,1
908,0.894742541015148,0.839120415505022,1
909,-0.347624600864947,0.353473651688546,1
910,0.33185957511887,-0.804837083909661,1
911,-0.248259264510125,-0.686416934244335,-1
912,-0.151430264115334,0.713412202894688,1
913,0.895409820135683,0.0116024082526565,1
914,0.265395750291646,-0.254101321101189,1
915,0.056189542170614,-0.56046479800716,1
916,-0.308478254824877,0.529005461838096,1
917,-0.460008044727147,-0.906450157985091,1
918,0.883327580988407,0.297976211179048,1
919,-0.448931123595685,0.00846157176420093,-1
920,-0.0354357482865453,-0.541568770073354,-1
921,0.925626058597118,-0.464032813441008,1
922,0.557241889648139,0.505380606278777,-1
923,-0.828167514875531,-0.921399598941207,-1
924,0.42026137560606,-0.848910075146705,1
925,0.0775286080315709,-0.751934658270329,1
926,-0.403284863568842,0.296222171746194,1
927,0.46900074603036,-0.760942836757749,1
928,0.417199674528092,-0.601223061326891,1
929,0.60770108923316,0.679018853232265,-1
930,0.552646939177066,-0.989059619605541,1
931,-0.401775636244565,0.856239347252995,1
932,-0.990819339174777,-0.75146459415555,1
933,0.91337083093822,-0.805378088261932,1
934,0.706290777307004,-0.573993693571538,1
935,-0.711519067175686,0.0052894800901413,1
936,0.431991951540112,-0.780958157032728,-1
937,0.121936793904752,-0.820000056177378,1
938,0.317582313902676,0.905931890476495,1
939,-0.794353404548019,0.498259037267417,1
940,0.204228144139051,0.316369377076626,1
941,-0.443410595413297,-0.312470868695527,-1
942,0.643990546930581,0.543196469545364,-1
943,-0.281491505447775,-0.365895761176944,-1
944,0.052921867929399,0.165155672002584,1
945,0.351746732369065,-0.799621366430074,1
946,-0.623089321888983,0.275346058420837,1
947,0.155302245635539,0.371366446837783,1
948,-0.0766919869929552,0.898131851106882,1
949,0.962913486175239,0.799841609783471,1
950,-0.860656603705138,0.85497581679374,1
951,0.589082455728203,-0.385265382472426,1
952,0.0496653225272894,0.631211022380739,1
953,-0.169541512150317,-0.176396421156824,-1
954,0.827780172694474,0.452509876340628,-1
955,0.496124369557947,-0.785909650381655,-1
956,0.927982602268457,-0.678751732688397,1
957,0.922615877818316,0.811877169180661,1
958,0.4730224609375,-0.0532082510180771,-1
959,0.585170274600387,-0.0564928050152957,1
960,-0.574209661222994,-0.628006041515619,-1
961,-0.360543391667306,0.772932214662433,1
962,0.386773678474128,0.3082644068636,-1
963,-0.559503316879272,-0.667960067279637,1
964,-0.908087071962655,0.984060397837311,1
965,0.209228466730565,-0.00846168817952275,1
966,-0.778831086587161,0.761916938237846,1
967,-0.110737410373986,0.0130040678195655,-1
968,0.253110349178314,-0.499517497140914,1
969,0.467912632040679,-0.632008931599557,1
970,0.420607540756464,-0.807034918107092,1
971,0.706692655105144,0.373940458521247,-1
972,-0.585044657345861,0.59564813785255,1
973,-0.491746983956546,-0.569168735761195,-1
974,-0.439735784661025,0.917124886997044,1
975,-0.0192607813514769,0.75896965013817,1
976,0.495966813061386,0.0860054343938828,1
977,0.149303606245667,0.068461085204035,1
978,0.353459326084703,0.282833141740412,-1
979,-0.701684972736984,-0.945333781186491,1
980,0.505453860387206,-0.415872486308217,1
981,0.217841161880642,-0.0453758426010609,1
982,-0.827535418793559,-0.26740757515654,1
983,0.842142657376826,0.576824131887406,1
984,0.944588385056704,-0.0538884047418833,1
985,-0.8271798430942,-0.243477675598115,-1
986,0.182340649422258,0.376938620582223,1
987,-0.700973035302013,-0.721390052698553,1
988,-0.942460178397596,-0.145317044574767,1
989,0.204815976321697,0.143511056434363,1
990,0.859369951765984,-0.149103364907205,1
991,-0.204424725845456,0.528601109515876,1
992,-0.902461063116789,0.997881846036762,1
993,-0.818992902059108,0.848393522202969,1
994,-0.966668031644076,0.318430352490395,1
995,0.546556648332626,-0.644045187626034,1
996,0.997063900344074,0.970016269944608,1
997,-0.521050394978374,0.380092338193208,1
998,0.849871419370174,-0.633355281315744,-1
999,-0.419758188538253,-0.743091623764485,-1
1000,0.274107137694955,-0.0523618143051863,1
1001,-0.0662064808420837,-0.451023684348911,1
1002,0.362845436204225,0.365680499002337,-1
1003,0.228837873786688,-0.876040383242071,1
1004,0.286445257719606,0.866477460600436,1
1005,0.450352566782385,-0.937933034263551,1
1006,-0.31421365076676,0.941481243818998,1
1007,-0.111323623917997,-0.229275905992836,-1
1008,0.617989284917712,-0.765156073495746,1
1009,-0.980659237131476,0.482062702067196,1
1010,-0.301005527377129,-0.882093996740878,1
1011,0.9048638837412,-0.739329433068633,-1
1012,0.591390021145344,-0.803437202703208,1
1013,0.831218632403761,0.376867498736829,-1
1014,-0.506926209200174,0.875520080793649,1
1015,-0.674075172282755,-0.714920074678957,1
1016,0.284045221284032,-0.549594426993281,1
1017,-0.621051877737045,0.345432789530605,1
1018,0.514683873392642,-0.0448304186575115,-1
1019,-0.111404645256698,0.700606277678162,1
1020,-0.326592516154051,-0.487512366846204,-1
1021,-0.574825901072472,-0.48588761407882,-1
1022,-0.422199462540448,0.88072904618457,-1
1023,-0.343255055136979,0.715371516067535,1
1024,0.855062249582261,-0.648772260639817,1
1025,0.692987131886184,0.242656684480608,-1
1026,0.9182981075719,-0.425270491279662,1
1027,0.106926188338548,0.277075814083219,-1
1028,0.877810445614159,0.221587768290192,1
1029,-0.368399385362864,0.675709732342511,1
1030,-0.596185535658151,-0.863429608754814,1
1031,-0.38985414756462,0.735964746214449,1
1032,-0.0185597627423704,-0.419189366977662,-1
1033,-0.268776124808937,-0.340160027146339,-1
1034,0.541971780825406,0.655126571655273,-1
1035,-0.0634848256595433,0.768077041488141,1
1036,0.488669265992939,0.942579767666757,1
1037,-0.688186795450747,0.522359244991094,1
1038,0.529407489579171,-0.866764360107481,1
1039,-0.458152798004448,0.755757075734437,1
1040,0.191184331197292,0.0505015314556658,1
1041,0.860071566421539,-0.26130653405562,1
1042,-0.192639242857695,0.490155982319266,1
1043,0.904381806962192,-0.158879776950926,1
1044,0.36079774517566,-0.182203861884773,1
1045,-0.865960035473108,0.833276032004505,-1
1046,-0.0246057165786624,-0.728694745805115,-1
1047,0.846480127889663,0.0201266896910965,1
1048,0.260713119991124,-0.263224832247943,1
1049,-0.478943490423262,-0.0920440596528351,-1
1050,0.690977550577372,-0.944316848646849,-1
1051,-0.423744767904282,0.650238552130759,1
1052,0.0478688692674041,0.798412271309644,1
1053,0.537867192644626,0.539083627983928,1
1054,0.971857112366706,-0.433438742998987,-1
1055,-0.221844493877143,-0.406551684252918,-1
1056,0.728221224620938,-0.351206165738404,1
1057,-0.332385565154254,-0.0237792981788516,-1
1058,0.898427701089531,-0.243656645994633,1
1059,-0.609952531754971,-0.98901081783697,1
1060,-0.687422604765743,-0.964892731513828,1
1061,-0.0462130904197693,0.0684398859739304,-1
1062,-0.526044581551105,-0.353436849080026,-1
1063,0.95870849955827,-0.230897719506174,-1
1064,-0.0551974340341985,-0.496196356136352,-1
1065,-0.0432831696234643,-0.937296911608428,1
1066,0.555427192244679,-0.863788466900587,1
1067,0.282430137973279,0.960590536240488,1
1068,-0.212066669948399,-0.126082855742425,-1
1069,0.188548844307661,-0.976984940003604,-1
1070,0.908834115602076,-0.574112221132964,1
1071,0.165265404619277,-0.956502516753972,-1
1072,0.270185667555779,0.13008019188419,1
1073,0.670638718176633,0.105764764826745,1
1074,-0.279533897526562,0.0304637481458485,-1
1075,0.0605359701439738,0.94448783993721,1
1076,-0.843965392559767,0.535529328510165,1
1077,-0.401051999535412,-0.554459669161588,-1
1078,-0.0124436793848872,-0.984262810088694,1
1079,-0.102225068025291,0.719274630304426,1
1080,-0.857276311609894,0.45378320524469,1
1081,0.852522657718509,-0.494282005820423,1
1082,-0.827552479691803,0.455221059732139,1
1083,0.963432415854186,-0.731323388405144,1
1084,-0.745205892715603,0.317253790330142,1
1085,-0.642510932404548,0.213765690103173,1
1086,0.371390779037029,-0.414531866554171,1
1087,0.0285383248701692,-0.337501589674503,1
1088,-0.15013754600659,0.645707122981548,1
1089,0.925839000381529,0.97118438128382,1
1090,0.0794794978573918,-0.0464642555452883,1
1091,0.0453804461285472,-0.454071167856455,1
1092,-0.25142041919753,-0.485237047541887,-1
1093,0.645602147094905,0.541501430328935,-1
1094,-0.626414803788066,0.0977609548717737,1
1095,-0.518059246242046,-0.611296813935041,-1
1096,0.361843200866133,-0.132950369734317,1
1097,0.380276180338115,0.442791202105582,-1
1098,0.399731008335948,0.013677395414561,1
1099,-0.930348979309201,0.00755829736590385,1
1100,-0.683291221037507,0.82023868476972,1
1101,-0.823276112787426,0.960232814308256,1
1102,-0.979459731373936,-0.30705069610849,1
1103,-0.792221697047353,-0.490225156303495,-1
1104,-0.0221698619425297,0.769976201932877,-1
1105,0.327932526357472,0.863067123107612,1
1106,0.0858049797825515,-0.483375919051468,1
1107,-0.196687705814838,0.67751413397491,1
1108,0.981478931382298,0.15840621246025,1
1109,0.726899634581059,0.842178025282919,-1
1110,-0.431055943481624,0.145409667864442,1
1111,0.619339148513973,-0.0714265741407871,1
1112,-0.848610929679126,-0.490681041963398,1
1113,0.846453137695789,0.638723745942116,-1
1114,-0.353004344273359,0.470428943634033,1
1115,-0.237530946265906,-0.608394220937043,-1
1116,-0.560748788062483,0.0258654612116516,1
1117,0.725736587308347,-0.295436941087246,1
1118,-0.24102690955624,0.571894484106451,1
1119,-0.366630724165589,0.832467247266322,-1
1120,0.53707847930491,0.335718133952469,-1
1121,-0.171539542730898,-0.566990988794714,-1
1122,0.87626866530627,-0.18901073327288,1
1123,0.111909446306527,0.793605457060039,1
1124,-0.462508560158312,0.639196107164025,1
1125,-0.0334739084355533,-0.958409613929689,1
1126,-0.750188495498151,0.943641553167254,1
1127,-0.997302188072354,0.778549083508551,1
1128,-0.126187954563648,0.490357508417219,1
1129,0.308172122109681,0.561101305764169,1
1130,0.838770837057382,-0.422042768914253,1
1131,-0.831266577355564,-0.480999612715095,1
1132,-0.642116748727858,0.5646877521649,1
1133,-0.0452114939689636,0.312792217358947,1
1134,-0.910362511407584,-0.362941665574908,-1
1135,0.62357222288847,-0.930242489557713,1
1136,0.0420996826142073,0.613497148267925,1
1137,0.184677478857338,-0.625264373142272,1
1138,-0.621598290279508,-0.838790469802916,1
1139,0.673044610768557,0.904638665728271,-1
1140,-0.165434929076582,-0.427733301185071,-1
1141,-0.0137035478837788,0.458685190882534,1
1142,-0.41173471044749,-0.93556614825502,1
1143,-0.216850142925978,-0.328125151339918,-1
1144,0.838551032356918,0.23947780393064,1
1145,-0.789222091902047,-0.335112200584263,1
1146,0.13389932597056,0.261191879399121,1
1147,0.552371415775269,-0.644385640043765,1
1148,-0.235554479062557,-0.446449732407928,-1
1149,-0.653547153808177,-0.404307023622096,-1
1150,0.837874705437571,-0.162156782113016,1
1151,0.76960884872824,-0.876452045980841,1
1152,-0.620138584170491,-0.456942953635007,-1
1153,0.0183307183906436,0.605540675111115,1
1154,-0.635758236516267,-0.658355503808707,1
1155,0.921739389654249,-0.444703576620668,1
1156,-0.229514692910016,0.581065323203802,1
1157,-0.15162983071059,0.618437968194485,1
1158,0.573544518556446,-0.557285630144179,1
1159,0.548734554089606,-0.789380696136504,-1
1160,0.590746982954443,-0.527709698304534,1
1161,-0.262445961590856,0.757109027355909,1
1162,0.0207113288342953,-0.573502838611603,1
1163,-0.7138282796368,-0.606419798918068,-1
1164,-0.722954139113426,-0.388877325225621,-1
1165,-0.524468002375215,-0.135964693501592,-1
1166,0.339831028599292,0.407947666943073,-1
1167,-0.429813432972878,-0.0640523391775787,-1
1168,0.248509326484054,-0.107875393237919,1
1169,-0.273446009494364,0.0939243156462908,1
1170,0.433295513503253,-0.958142685703933,1
1171,0.186747630126774,0.672882278449833,1
1172,-0.131513105239719,0.767704280558974,1
1173,0.815301622264087,0.181254062335938,1
1174,0.902342900633812,0.980943245813251,1
1175,0.797255672514439,-0.825217878445983,1
1176,-0.143806268461049,0.0256791533902287,1
1177,0.363493212964386,-0.308431000448763,1
1178,0.914979132823646,-0.114625793881714,1
1179,-0.0211984924972057,0.20622689742595,1
1180,0.142567639704794,-0.966150132939219,1
1181,0.189751177560538,0.709244836587459,1
1182,-0.130432997830212,0.894208504352719,1
1183,0.189984285738319,0.463591911364347,-1
1184,-0.14500035205856,-0.635274349711835,-1
1185,-0.281547124963254,-0.317781188059598,-1
1186,-0.116556845139712,-0.0200993432663381,1
1187,-0.197620947379619,-0.92043361114338,1
1188,-0.994825558271259,0.557054000440985,1
1189,-0.171805101912469,-0.579174323007464,-1
1190,-0.474562881048769,-0.239699484780431,-1
1191,0.0459543997421861,-0.868600227404386,1
1192,-0.353710877243429,-0.523343119770288,1
1193,0.956563112791628,0.821928303688765,1
1194,-0.739434609655291,-0.974099043291062,-1
1195,-0.814684235025197,0.0576383196748793,-1
1196,0.194017733912915,0.58592598605901,-1
1197,-0.995138419326395,0.945372359827161,1
1198,0.743473100010306,0.0682066823355854,1
1199,0.0730586699210107,-0.0957444766536355,1
1200,-0.335611769929528,-0.0493119549937546,-1
1201,-0.0301520270295441,0.741884323768318,1
1202,-0.445021151565015,0.373130464926362,1
1203,-0.759003966581076,0.499979716259986,1
1204,-0.668297200463712,0.643806401174515,1
1205,0.715265971142799,0.917197305709124,1
1206,0.372029365971684,0.885548332240433,1
1207,-0.870459854602814,-0.676302059087902,1
1208,-0.463669814169407,-0.0790689648129046,-1
1209,0.913537591695786,-0.233382485341281,-1
1210,0.306303897406906,0.380093770567328,1
1211,0.929496443830431,0.681558086071163,1
1212,-0.422316756099463,-0.376920508686453,-1
1213,-0.598304475191981,0.950819157063961,1
1214,-0.244233084376901,0.349723766557872,1
1215,-0.807475818321109,0.564058805815876,-1
1216,-0.0979058505035937,0.728458142373711,1
1217,0.427239401265979,-0.555889916140586,1
1218,0.331989127676934,0.490078805945814,-1
1219,-0.79195484565571,-0.462552886456251,-1
1220,-0.364206537604332,-0.510388240683824,-1
1221,-0.588370968122035,-0.144839513115585,-1
1222,0.586952813901007,-0.252258486114442,1
1223,0.0998389855958521,-0.216255877166986,1
1224,-0.394457005430013,0.874131116084754,1
1225,0.712249524425715,-0.410298800561577,1
1226,-0.5874691773206,0.0512555604800582,1
1227,-0.915087199769914,0.0807753228582442,1
1228,-0.712299233302474,0.0803907196968794,1
1229,0.839313239324838,0.535511747468263,-1
1230,0.121920676436275,0.366006579250097,-1
1231,0.099837361369282,0.880498028360307,1
1232,0.200219755992293,0.386188607197255,1
1233,0.565798891708255,-0.883711330592632,1
1234,-0.474612894468009,0.950744637753814,-1
1235,0.529125676024705,0.691102826967835,-1
1236,-0.423231397289783,0.704643430188298,1
1237,0.205664995592088,0.975052741821855,1
1238,0.671389004215598,0.872276833746582,-1
1239,-0.0734897120855749,0.0407801112160087,1
1240,-0.0844729826785624,0.176874382421374,1
1241,-0.0877584023401141,-0.515771784819663,-1
1242,-0.650051976088434,0.455383975058794,1
1243,0.0730889835394919,-0.15999274328351,1
1244,-0.605522847734392,-0.507652471307665,-1
1245,-0.553246509283781,-0.984879539813846,1
1246,0.826920409686863,0.645691170357168,-1
1247,-0.202394189778715,-0.016685061622411,1
1248,-0.441787489689887,-0.42998583894223,1
1249,-0.584630654193461,-0.125119520351291,-1
1250,0.134856170043349,-0.331344704609364,1
1251,-0.324652373790741,0.871836541220546,1
1252,-0.342566122300923,-0.0216013309545815,-1
1253,0.590651475824416,0.332542742602527,-1
1254,0.200709938071668,0.946967676281929,-1
1255,0.319154741242528,-0.808754124678671,1
1256,0.841751287225634,-0.0189818032085896,-1
1257,-0.110597557853907,0.639506847597659,1
1258,-0.750150837004185,-0.0487005896866322,1
1259,0.0047683478333056,-0.0578084988519549,1
1260,-0.414170667529106,-0.334397595841438,-1
1261,-0.293875757139176,-0.930200573522598,1
1262,0.787142251152545,0.84184232307598,-1
1263,-0.617333573289216,0.52142391121015,1
1264,0.00422591483220458,-0.533791538793594,1
1265,0.877873537596315,0.284015879500657,1
1266,-0.542314085643739,0.779523284174502,-1
1267,0.870071337092668,0.0837944643571973,1
1268,0.621828388422728,0.39858973864466,-1
1269,0.630640861578286,0.956429017707705,1
1270,-0.862569756805897,0.337851298507303,1
1271,-0.0668197236955166,-0.797648416366428,1
1272,0.983220032881945,-0.378146050963551,-1
1273,0.686601953115314,-0.909773156512529,1
1274,0.0681481286883354,-0.112266978248954,1
1275,0.624228402040899,0.257501295302063,-1
1276,-0.879637963604182,-0.985411752946675,1
1277,0.587698458693922,-0.495141825638711,1
1278,0.949862031731755,-0.34155564615503,1
1279,0.789791296701878,0.793056496419013,-1
1280,-0.608728089369833,0.87294888868928,-1
1281,-0.753417375963181,-0.617153670173138,-1
1282,0.973251960705966,-0.53135515935719,-1
1283,-0.239164010155946,-0.289091274607927,-1
1284,-0.119450017344207,0.201780868228525,1
1285,0.0571322697214782,0.580216318368912,1
1286,0.3871158673428,-0.610108813736588,1
1287,-0.788983140140772,0.214145698584616,1
1288,-0.870213742367923,-0.952231786679476,-1
1289,0.566485709045082,-0.594370622187853,1
1290,0.742402959149331,-0.0275460612028837,1
1291,0.0154696819372475,0.5967638916336,1
1292,0.890844171866775,0.706204252317548,-1
1293,0.357555782422423,0.674227115232497,-1
1294,0.0446801581420004,-0.182500590570271,1
1295,0.072106116451323,-0.805314416065812,1
1296,-0.777822746895254,0.0611415421590209,1
1297,0.207123478408903,-0.732075061649084,-1
1298,0.584317462518811,-0.154651865828782,1
1299,0.796428343746811,-0.751906490884721,1
1300,0.993076710030437,0.299441256560385,1
1301,-0.604943708982319,0.990283597260714,1
1302,-0.776579216588289,-0.331845310050994,-1
1303,0.00495996233075857,-0.891730956267565,1
1304,-0.877596797887236,0.533483001403511,1
1305,0.685934602282941,-0.281651616096497,1
1306,0.162633280269802,0.179139105603099,1
1307,0.800624915398657,-0.302030010148883,1
1308,0.460173559375107,0.438141760416329,1
1309,-0.811412246897817,-0.521949638146907,1
1310,-0.744555898010731,-0.624513753224164,1
1311,-0.100448905956,0.102910755667835,1
1312,0.0795500231906772,-0.587571044452488,1
1313,-0.256493968423456,-0.974382681772113,1
1314,-0.287019948009402,0.637274997774512,1
1315,0.554143169429153,0.256730475928634,-1
1316,-0.505114881787449,-0.479162388015538,-1
1317,0.907792829442769,0.410384906455874,1
1318,-0.972925789188594,0.250547091010958,1
1319,0.275375448167324,0.447690046858042,1
1320,0.644883883651346,-0.829640288371593,1
1321,0.91185125336051,-0.417813206091523,1
1322,0.727272484917194,-0.275715622119606,1
1323,-0.555598038248718,0.935475650709122,-1
1324,-0.356541093904525,0.393175408244133,1
1325,0.328786527737975,-0.020159455947578,1
1326,0.845009243581444,0.347905705217272,-1
1327,-0.553427301812917,-0.593347119167447,-1
1328,-0.335967469029129,-0.982275374233723,1
1329,-0.638052624184638,0.18909088242799,1
1330,0.879537429194897,0.431416796986014,-1
1331,0.599551474209875,0.235661421902478,-1
1332,0.63715205527842,0.465639390982687,1
1333,0.423741196282208,-0.195582966785878,1
1334,0.664141253102571,-0.860701195895672,-1
1335,0.36706676799804,-0.0271308268420398,1
1336,0.286874298937619,0.709591683000326,-1
1337,-0.99139948701486,-0.155812979675829,1
1338,0.604105687700212,-0.0137179903686047,-1
1339,0.929940148256719,0.892482850700617,1
1340,-0.971785808447748,-0.777357079554349,1
1341,-0.483441742137074,-0.325674555264413,-1
1342,0.644852878525853,-0.712705789599568,1
1343,-0.93353004893288,-0.610499636735767,1
1344,0.807511977851391,-0.245277019683272,1
1345,-0.277041201945394,-0.0137504329904914,-1
1346,-0.227020313031971,-0.793107418809086,1
1347,0.689666877035052,0.108530445490032,1
1348,0.158299722708762,0.759558831341565,1
1349,0.0670369900763035,-0.370025921147317,1
1350,0.335078516509384,-0.428507585078478,1
